/*
 Navicat Premium Data Transfer

 Source Server         : mysql
 Source Server Type    : MySQL
 Source Server Version : 80013
 Source Host           : localhost:3306
 Source Schema         : film

 Target Server Type    : MySQL
 Target Server Version : 80013
 File Encoding         : 65001

 Date: 02/06/2021 15:38:05
*/

SET NAMES utf8mb4;
SET FOREIGN_KEY_CHECKS = 0;

-- ----------------------------
-- Table structure for t_admin
-- ----------------------------
DROP TABLE IF EXISTS `t_admin`;
CREATE TABLE `t_admin`  (
  `admin_id` int(10) NOT NULL AUTO_INCREMENT COMMENT '管理员id',
  `admin_name` varchar(20) CHARACTER SET utf8 COLLATE utf8_general_ci NOT NULL COMMENT '管理员名字',
  `password` varchar(40) CHARACTER SET utf8 COLLATE utf8_general_ci NOT NULL COMMENT '密码',
  `cinema_id` int(11) NULL DEFAULT NULL COMMENT '影院id',
  PRIMARY KEY (`admin_id`) USING BTREE,
  INDEX `t_ac_fk`(`cinema_id`) USING BTREE,
  CONSTRAINT `t_ac_fk` FOREIGN KEY (`cinema_id`) REFERENCES `t_cinema` (`cinema_id`) ON DELETE CASCADE ON UPDATE CASCADE
) ENGINE = InnoDB AUTO_INCREMENT = 3 CHARACTER SET = utf8 COLLATE = utf8_general_ci ROW_FORMAT = Dynamic;

-- ----------------------------
-- Records of t_admin
-- ----------------------------
INSERT INTO `t_admin` VALUES (1, 'admin', '83c8967da0a51e01507839211ceeedbf', NULL);
INSERT INTO `t_admin` VALUES (2, 'admin1', '83c8967da0a51e01507839211ceeedbf', 1);

-- ----------------------------
-- Table structure for t_cinema
-- ----------------------------
DROP TABLE IF EXISTS `t_cinema`;
CREATE TABLE `t_cinema`  (
  `cinema_id` int(5) NOT NULL AUTO_INCREMENT COMMENT '电影院id',
  `cinema_name` varchar(20) CHARACTER SET utf8 COLLATE utf8_general_ci NOT NULL COMMENT '电影院名称',
  `phone` varchar(20) CHARACTER SET utf8 COLLATE utf8_general_ci NOT NULL COMMENT '电影院联系电话',
  `provice` varchar(20) CHARACTER SET utf8 COLLATE utf8_general_ci NOT NULL COMMENT '电影院所在省份',
  `city` varchar(20) CHARACTER SET utf8 COLLATE utf8_general_ci NOT NULL COMMENT '电影院所在市',
  `country` varchar(20) CHARACTER SET utf8 COLLATE utf8_general_ci NOT NULL COMMENT '电影院所在区县',
  `address` varchar(200) CHARACTER SET utf8 COLLATE utf8_general_ci NOT NULL COMMENT '电影院详细地址',
  PRIMARY KEY (`cinema_id`) USING BTREE
) ENGINE = InnoDB AUTO_INCREMENT = 16 CHARACTER SET = utf8 COLLATE = utf8_general_ci ROW_FORMAT = Dynamic;

-- ----------------------------
-- Records of t_cinema
-- ----------------------------
INSERT INTO `t_cinema` VALUES (1, '太平洋电影城(王府井百货店)', '13498476301', '四川', '成都', '锦江区', '总府路15号王府井百货6-9楼');
INSERT INTO `t_cinema` VALUES (2, '太平洋电影城(春熙路店)', '13498476302', '四川', '成都', '锦江区', '交通路与东大街上东大街段交叉路口往东北约100米(阳光金融大厦)');
INSERT INTO `t_cinema` VALUES (3, '星光影城(清江东路店)', '13498476303', '四川', '成都', '青羊区', '清江东路360号');
INSERT INTO `t_cinema` VALUES (4, '万达影城(文化宫店)', '13498476304', '四川', '成都', '青羊区', '青羊大道清江中路59号文化宫3层');
INSERT INTO `t_cinema` VALUES (5, '太平洋电影城(大学城店)', '13498476305', '四川', '成都', '温江区', '南熏大道855号金强大学城商业广场四楼');
INSERT INTO `t_cinema` VALUES (6, '太平洋影城(王府井百货店)', '(028)86756351', '四川', '成都', '锦江区', '总府路15号王府井百货6-9楼');
INSERT INTO `t_cinema` VALUES (7, '太平洋电影城(春熙路店)', '(028)86713529', '四川', '成都', '锦江区', '交通路与东大街上东大街段交叉路口往东北约100米(阳光金融大厦)');
INSERT INTO `t_cinema` VALUES (8, '万达影城(1)', '12', '12', '121', '双流区', '121');
INSERT INTO `t_cinema` VALUES (11, '星美国际影城(2)', '12', '12', '12', '郫县区', '121');
INSERT INTO `t_cinema` VALUES (12, '万达影城(2)', '121', '121', '12', '金牛区', '2111wqeqwe');
INSERT INTO `t_cinema` VALUES (15, '太平洋电影城(双流店)', '1982212345', '四川', '成都', '双流区', '金花学府路');

-- ----------------------------
-- Table structure for t_commet
-- ----------------------------
DROP TABLE IF EXISTS `t_commet`;
CREATE TABLE `t_commet`  (
  `commet_id` int(11) NOT NULL AUTO_INCREMENT COMMENT '评论id',
  `user_id` int(11) NOT NULL COMMENT '用户id',
  `movie_id` int(11) NOT NULL COMMENT '电影id',
  `score` double(3, 1) NOT NULL COMMENT '评分',
  `content` text CHARACTER SET utf8 COLLATE utf8_general_ci NOT NULL COMMENT '评论内容',
  `date` varchar(20) CHARACTER SET utf8 COLLATE utf8_general_ci NOT NULL COMMENT '评论日期',
  PRIMARY KEY (`commet_id`) USING BTREE,
  INDEX `fk_cu`(`user_id`) USING BTREE,
  INDEX `fk_cm`(`movie_id`) USING BTREE,
  CONSTRAINT `fk_cm` FOREIGN KEY (`movie_id`) REFERENCES `t_movie` (`movie_id`) ON DELETE CASCADE ON UPDATE CASCADE,
  CONSTRAINT `fk_cu` FOREIGN KEY (`user_id`) REFERENCES `t_user` (`user_id`) ON DELETE CASCADE ON UPDATE CASCADE
) ENGINE = InnoDB AUTO_INCREMENT = 38 CHARACTER SET = utf8 COLLATE = utf8_general_ci ROW_FORMAT = Dynamic;

-- ----------------------------
-- Records of t_commet
-- ----------------------------
INSERT INTO `t_commet` VALUES (1, 2, 1, 8.0, '1', '2021-05-10 17:22:41');
INSERT INTO `t_commet` VALUES (3, 4, 3, 9.0, '真好看', '2021-02-17 00:00:00');
INSERT INTO `t_commet` VALUES (8, 3, 2, 8.0, '不错', '2021-02-17 00:00:00');
INSERT INTO `t_commet` VALUES (14, 2, 22, 6.0, '123', '2021-04-29 00:00:00');
INSERT INTO `t_commet` VALUES (17, 2, 15, 7.0, '123', '2021-04-29 00:00:00');
INSERT INTO `t_commet` VALUES (19, 3, 1, 6.0, '我也觉得好看！！！', '2021-04-29 00:00:00');
INSERT INTO `t_commet` VALUES (21, 2, 2, 6.0, '还好吧 我觉得 也就一般吧', '2021-04-29 00:00:00');
INSERT INTO `t_commet` VALUES (30, 2, 4, 6.0, '<script>alert(“XSS”);</script>', '2021-05-09 23:09:14');
INSERT INTO `t_commet` VALUES (32, 2, 5, 6.0, 'cvbn', '2021-05-10 10:11:34');
INSERT INTO `t_commet` VALUES (33, 4, 7, 9.0, '真的好看', '2021-05-10 10:14:27');
INSERT INTO `t_commet` VALUES (34, 4, 22, 8.0, '柯南，yyds', '2021-05-10 10:14:46');
INSERT INTO `t_commet` VALUES (35, 4, 1, 9.0, '这也太好看了吧', '2021-05-10 10:15:10');
INSERT INTO `t_commet` VALUES (36, 2, 21, 10.0, '我也觉得好看', '2021-05-31 01:21:06');
INSERT INTO `t_commet` VALUES (37, 2, 24, 8.0, '好好看哦，大雄居然和静香结婚了。', '2021-05-31 15:31:36');

-- ----------------------------
-- Table structure for t_hall
-- ----------------------------
DROP TABLE IF EXISTS `t_hall`;
CREATE TABLE `t_hall`  (
  `hall_id` int(5) NOT NULL AUTO_INCREMENT COMMENT '影厅id',
  `hall_name` varchar(20) CHARACTER SET utf8 COLLATE utf8_general_ci NOT NULL COMMENT '影厅名称',
  `cinema_id` int(5) NOT NULL COMMENT '电影院id',
  `row` int(5) NOT NULL COMMENT '座位行数',
  `col` int(5) NOT NULL COMMENT '座位列数',
  `seat` json NOT NULL COMMENT '座位',
  PRIMARY KEY (`hall_id`) USING BTREE,
  INDEX `fk_hc`(`cinema_id`) USING BTREE,
  CONSTRAINT `fk_hc` FOREIGN KEY (`cinema_id`) REFERENCES `t_cinema` (`cinema_id`) ON DELETE CASCADE ON UPDATE CASCADE
) ENGINE = InnoDB AUTO_INCREMENT = 29 CHARACTER SET = utf8 COLLATE = utf8_general_ci ROW_FORMAT = Dynamic;

-- ----------------------------
-- Records of t_hall
-- ----------------------------
INSERT INTO `t_hall` VALUES (1, '1号激光厅', 1, 10, 10, '{\"1\": [1, 1, 1, 0, 0, 0, 0, 0, 0, 0], \"2\": [0, 0, 0, 0, 0, 0, 0, 0, 0, 0], \"3\": [0, 0, 0, 0, 0, 0, 0, 0, 0, 0], \"4\": [0, 0, 0, 0, 0, 0, 0, 0, 0, 0], \"5\": [0, 0, 0, 0, 0, 1, 0, 0, 0, 0], \"6\": [0, 0, 0, 0, 0, 0, 0, 0, 0, 0], \"7\": [0, 0, 0, 0, 0, 0, 0, 0, 0, 0], \"8\": [0, 0, 0, 0, 0, 0, 0, 0, 0, 0], \"9\": [0, 0, 0, 0, 0, 0, 0, 1, 0, 0], \"10\": [0, 0, 0, 0, 0, 0, 0, 0, 0, 0]}');
INSERT INTO `t_hall` VALUES (2, '2号动感厅', 1, 10, 10, '{\"1\": [0, 0, 0, 0, 0, 0, 0, 0, 0, 0], \"2\": [0, 0, 0, 0, 0, 0, 1, 0, 0, 0], \"3\": [0, 0, 0, 0, 0, 0, 0, 0, 0, 0], \"4\": [0, 0, 0, 0, 0, 0, 0, 0, 0, 0], \"5\": [0, 0, 0, 0, 0, 0, 0, 0, 0, 0], \"6\": [0, 0, 0, 0, 0, 0, 0, 0, 0, 0], \"7\": [0, 0, 0, 0, 0, 0, 0, 0, 0, 0], \"8\": [0, 0, 0, 0, 0, 0, 0, 0, 0, 0], \"9\": [1, 1, 0, 0, 0, 0, 0, 0, 1, 1], \"10\": [1, 1, 0, 0, 0, 0, 0, 0, 1, 1]}');
INSERT INTO `t_hall` VALUES (3, '3号贵宾厅', 1, 10, 10, '{\"1\": [0, 0, 0, 0, 0, 0, 0, 0, 0, 0], \"2\": [0, 0, 0, 0, 0, 0, 0, 0, 0, 0], \"3\": [0, 0, 0, 0, 0, 0, 0, 0, 0, 0], \"4\": [0, 0, 0, 0, 0, 0, 0, 0, 0, 0], \"5\": [0, 0, 0, 0, 0, 0, 0, 0, 0, 0], \"6\": [0, 0, 0, 0, 0, 0, 0, 0, 0, 0], \"7\": [0, 0, 0, 0, 0, 0, 0, 0, 0, 0], \"8\": [0, 0, 0, 0, 0, 0, 0, 0, 0, 0], \"9\": [0, 0, 0, 0, 0, 0, 0, 0, 0, 0], \"10\": [0, 0, 0, 0, 0, 0, 0, 0, 0, 0]}');
INSERT INTO `t_hall` VALUES (4, '1号激光厅', 2, 10, 10, '{\"1\": [0, 0, 0, 0, 0, 0, 0, 0, 0, 0], \"2\": [0, 0, 0, 0, 0, 0, 0, 0, 0, 0], \"3\": [0, 0, 0, 0, 0, 0, 0, 0, 0, 0], \"4\": [0, 0, 0, 0, 0, 0, 0, 0, 0, 0], \"5\": [0, 0, 0, 0, 0, 0, 0, 0, 0, 0], \"6\": [0, 0, 0, 0, 0, 0, 0, 0, 0, 0], \"7\": [0, 0, 0, 0, 0, 0, 0, 0, 0, 0], \"8\": [0, 0, 0, 0, 0, 0, 0, 0, 0, 0], \"9\": [0, 0, 0, 0, 0, 0, 0, 0, 0, 0], \"10\": [0, 0, 0, 0, 0, 0, 0, 0, 0, 0]}');
INSERT INTO `t_hall` VALUES (5, '2号动感厅', 1, 10, 10, '{\"1\": [0, 0, 0, 0, 0, 0, 0, 0, 0, 0], \"2\": [0, 0, 0, 0, 0, 0, 0, 0, 0, 0], \"3\": [0, 0, 0, 0, 0, 0, 0, 0, 0, 0], \"4\": [0, 0, 0, 0, 0, 0, 0, 0, 0, 0], \"5\": [0, 0, 0, 0, 0, 0, 0, 0, 0, 0], \"6\": [0, 0, 0, 0, 0, 0, 0, 0, 0, 0], \"7\": [0, 0, 0, 0, 0, 0, 0, 0, 0, 0], \"8\": [0, 0, 0, 0, 0, 0, 0, 0, 0, 0], \"9\": [0, 0, 0, 0, 0, 0, 0, 0, 0, 0], \"10\": [0, 0, 0, 0, 0, 0, 0, 0, 0, 0]}');
INSERT INTO `t_hall` VALUES (6, '3号贵宾厅', 2, 10, 10, '{\"1\": [0, 0, 0, 0, 0, 0, 0, 0, 0, 0], \"2\": [0, 0, 0, 0, 0, 0, 0, 0, 0, 0], \"3\": [0, 0, 0, 0, 0, 0, 0, 0, 0, 0], \"4\": [0, 0, 0, 0, 0, 0, 0, 0, 0, 0], \"5\": [0, 0, 0, 0, 0, 0, 0, 0, 0, 0], \"6\": [0, 0, 0, 0, 0, 0, 0, 0, 0, 0], \"7\": [0, 0, 0, 0, 0, 0, 0, 0, 0, 0], \"8\": [0, 0, 0, 0, 0, 0, 0, 0, 0, 0], \"9\": [0, 0, 0, 0, 0, 0, 0, 0, 0, 0], \"10\": [0, 0, 0, 0, 0, 0, 0, 0, 0, 0]}');
INSERT INTO `t_hall` VALUES (7, '1号激光厅', 3, 10, 10, '{\"1\": [0, 0, 0, 0, 0, 0, 0, 0, 0, 0], \"2\": [0, 0, 0, 0, 0, 0, 0, 0, 0, 0], \"3\": [0, 0, 0, 0, 0, 0, 0, 0, 0, 0], \"4\": [0, 0, 0, 0, 0, 0, 0, 0, 0, 0], \"5\": [0, 0, 0, 0, 0, 0, 0, 0, 0, 0], \"6\": [0, 0, 0, 0, 0, 0, 0, 0, 0, 0], \"7\": [0, 0, 0, 0, 0, 0, 0, 0, 0, 0], \"8\": [0, 0, 0, 0, 0, 0, 0, 0, 0, 0], \"9\": [0, 0, 0, 0, 0, 0, 0, 0, 0, 0], \"10\": [0, 0, 0, 0, 0, 0, 0, 0, 0, 0]}');
INSERT INTO `t_hall` VALUES (8, '2号动感厅', 3, 10, 10, '{\"1\": [0, 0, 0, 0, 0, 0, 0, 0, 0, 0], \"2\": [0, 0, 0, 0, 0, 0, 0, 0, 0, 0], \"3\": [0, 0, 0, 0, 0, 0, 0, 0, 0, 0], \"4\": [0, 0, 0, 0, 0, 0, 0, 0, 0, 0], \"5\": [0, 0, 0, 0, 0, 0, 0, 0, 0, 0], \"6\": [0, 0, 0, 0, 0, 0, 0, 0, 0, 0], \"7\": [0, 0, 0, 0, 0, 0, 0, 0, 0, 0], \"8\": [0, 0, 0, 0, 0, 0, 0, 0, 0, 0], \"9\": [0, 0, 0, 0, 0, 0, 0, 0, 0, 0], \"10\": [0, 0, 0, 0, 0, 0, 0, 0, 0, 0]}');
INSERT INTO `t_hall` VALUES (9, '3号贵宾厅', 3, 10, 10, '{\"1\": [0, 0, 0, 0, 0, 0, 0, 0, 0, 0], \"2\": [0, 0, 0, 0, 0, 0, 0, 0, 0, 0], \"3\": [0, 0, 0, 0, 0, 0, 0, 0, 0, 0], \"4\": [0, 0, 0, 0, 0, 0, 0, 0, 0, 0], \"5\": [0, 0, 0, 0, 0, 0, 0, 0, 0, 0], \"6\": [0, 0, 0, 0, 0, 0, 0, 0, 0, 0], \"7\": [0, 0, 0, 0, 0, 0, 0, 0, 0, 0], \"8\": [0, 0, 0, 0, 0, 0, 0, 0, 0, 0], \"9\": [0, 0, 0, 0, 0, 0, 0, 0, 0, 0], \"10\": [0, 0, 0, 0, 0, 0, 0, 0, 0, 0]}');
INSERT INTO `t_hall` VALUES (10, '1号激光厅', 4, 10, 10, '{\"1\": [0, 0, 0, 0, 0, 0, 0, 0, 0, 0], \"2\": [0, 0, 0, 0, 0, 0, 0, 0, 0, 0], \"3\": [0, 0, 0, 0, 0, 0, 0, 0, 0, 0], \"4\": [0, 0, 0, 0, 0, 0, 0, 0, 0, 0], \"5\": [0, 0, 0, 0, 0, 0, 0, 0, 0, 0], \"6\": [0, 0, 0, 0, 0, 0, 0, 0, 0, 0], \"7\": [0, 0, 0, 0, 0, 0, 0, 0, 0, 0], \"8\": [0, 0, 0, 0, 0, 0, 0, 0, 0, 0], \"9\": [0, 0, 0, 0, 0, 0, 0, 0, 0, 0], \"10\": [0, 0, 0, 0, 0, 0, 0, 0, 0, 0]}');
INSERT INTO `t_hall` VALUES (11, '2号动感厅', 4, 10, 10, '{\"1\": [0, 0, 0, 0, 0, 0, 0, 0, 0, 0], \"2\": [0, 0, 0, 0, 0, 0, 0, 0, 0, 0], \"3\": [0, 0, 0, 0, 0, 0, 0, 0, 0, 0], \"4\": [0, 0, 0, 0, 0, 0, 0, 0, 0, 0], \"5\": [0, 0, 0, 0, 0, 0, 0, 0, 0, 0], \"6\": [0, 0, 0, 0, 0, 0, 0, 0, 0, 0], \"7\": [0, 0, 0, 0, 0, 0, 0, 0, 0, 0], \"8\": [0, 0, 0, 0, 0, 0, 0, 0, 0, 0], \"9\": [0, 0, 0, 0, 0, 0, 0, 0, 0, 0], \"10\": [0, 0, 0, 0, 0, 0, 0, 0, 0, 0]}');
INSERT INTO `t_hall` VALUES (12, '3号贵宾厅', 4, 10, 10, '{\"1\": [0, 0, 0, 0, 0, 0, 0, 0, 0, 0], \"2\": [0, 0, 0, 0, 0, 0, 0, 0, 0, 0], \"3\": [0, 0, 0, 0, 0, 0, 0, 0, 0, 0], \"4\": [0, 0, 0, 0, 0, 0, 0, 0, 0, 0], \"5\": [0, 0, 0, 0, 0, 0, 0, 0, 0, 0], \"6\": [0, 0, 0, 0, 0, 0, 0, 0, 0, 0], \"7\": [0, 0, 0, 0, 0, 0, 0, 0, 0, 0], \"8\": [0, 0, 0, 0, 0, 0, 0, 0, 0, 0], \"9\": [0, 0, 0, 0, 0, 0, 0, 0, 0, 0], \"10\": [0, 0, 0, 0, 0, 0, 0, 0, 0, 0]}');
INSERT INTO `t_hall` VALUES (13, '1号激光厅', 5, 10, 10, '{\"1\": [0, 0, 0, 0, 0, 0, 0, 0, 0, 0], \"2\": [0, 0, 0, 0, 0, 0, 0, 0, 0, 0], \"3\": [0, 0, 0, 0, 0, 0, 0, 0, 0, 0], \"4\": [0, 0, 0, 0, 0, 0, 0, 0, 0, 0], \"5\": [0, 0, 0, 0, 0, 0, 0, 0, 0, 0], \"6\": [0, 0, 0, 0, 0, 0, 0, 0, 0, 0], \"7\": [0, 0, 0, 0, 0, 0, 0, 0, 0, 0], \"8\": [0, 0, 0, 0, 0, 0, 0, 0, 0, 0], \"9\": [0, 0, 0, 0, 0, 0, 0, 0, 0, 0], \"10\": [0, 0, 0, 0, 0, 0, 0, 0, 0, 0]}');
INSERT INTO `t_hall` VALUES (14, '2号动感厅', 5, 10, 10, '{\"1\": [0, 0, 0, 0, 0, 0, 0, 0, 0, 0], \"2\": [0, 0, 0, 0, 0, 0, 0, 0, 0, 0], \"3\": [0, 0, 0, 0, 0, 0, 0, 0, 0, 0], \"4\": [0, 0, 0, 0, 0, 0, 0, 0, 0, 0], \"5\": [0, 0, 0, 0, 0, 0, 0, 0, 0, 0], \"6\": [0, 0, 0, 0, 0, 0, 0, 0, 0, 0], \"7\": [0, 0, 0, 0, 0, 0, 0, 0, 0, 0], \"8\": [0, 0, 0, 0, 0, 0, 0, 0, 0, 0], \"9\": [0, 0, 0, 0, 0, 0, 0, 0, 0, 0], \"10\": [0, 0, 0, 0, 0, 0, 0, 0, 0, 0]}');
INSERT INTO `t_hall` VALUES (15, '3号贵宾厅', 1, 10, 10, '{\"1\": [0, 0, 0, 0, 0, 0, 0, 0, 0, 0], \"2\": [0, 0, 0, 0, 0, 0, 0, 0, 0, 0], \"3\": [0, 0, 0, 0, 0, 0, 0, 0, 0, 0], \"4\": [0, 0, 0, 0, 0, 0, 0, 0, 0, 0], \"5\": [0, 0, 0, 0, 0, 0, 0, 0, 0, 0], \"6\": [0, 0, 0, 0, 0, 0, 0, 0, 0, 0], \"7\": [0, 0, 0, 0, 0, 0, 0, 0, 0, 0], \"8\": [0, 0, 0, 0, 0, 0, 0, 0, 0, 0], \"9\": [0, 0, 0, 0, 0, 0, 0, 0, 0, 0], \"10\": [0, 0, 0, 0, 0, 0, 0, 0, 0, 0]}');
INSERT INTO `t_hall` VALUES (21, 'zxc', 1, 10, 10, '{\"1\": [0, 0, 0, 0, 0, 0, 0, 0, 0, 0], \"2\": [0, 0, 0, 0, 0, 0, 0, 0, 0, 0], \"3\": [0, 0, 0, 0, 0, 0, 0, 0, 0, 0], \"4\": [0, 0, 0, 0, 0, 0, 0, 0, 0, 0], \"5\": [0, 0, 0, 0, 0, 0, 0, 0, 0, 0], \"6\": [0, 0, 0, 0, 0, 0, 0, 0, 0, 0], \"7\": [0, 0, 0, 0, 0, 0, 0, 0, 0, 0], \"8\": [0, 0, 0, 0, 0, 0, 0, 0, 0, 0], \"9\": [0, 0, 0, 0, 0, 0, 0, 0, 0, 0], \"10\": [0, 0, 0, 0, 0, 0, 0, 0, 0, 0]}');
INSERT INTO `t_hall` VALUES (22, 'zxcv', 3, 10, 10, '{\"1\": [0, 0, 0, 0, 0, 0, 0, 0, 0, 0], \"2\": [0, 0, 0, 0, 0, 0, 0, 0, 0, 0], \"3\": [0, 0, 0, 0, 0, 0, 0, 0, 0, 0], \"4\": [0, 0, 0, 0, 0, 0, 0, 0, 0, 0], \"5\": [0, 0, 0, 0, 0, 0, 0, 0, 0, 0], \"6\": [0, 0, 0, 0, 0, 0, 0, 0, 0, 0], \"7\": [0, 0, 0, 0, 0, 0, 0, 0, 0, 0], \"8\": [0, 0, 0, 0, 0, 0, 0, 0, 0, 0], \"9\": [0, 0, 0, 0, 0, 0, 0, 0, 0, 0], \"10\": [0, 0, 0, 0, 0, 0, 0, 0, 0, 0]}');
INSERT INTO `t_hall` VALUES (25, '123', 1, 9, 9, '{\"1\": [1, 0, 0, 0, 0, 0, 0, 0, 0], \"2\": [0, 0, 0, 0, 0, 0, 0, 0, 0], \"3\": [0, 0, 0, 0, 0, 0, 0, 0, 0], \"4\": [0, 0, 0, 1, 0, 0, 0, 0, 0], \"5\": [0, 0, 0, 0, 1, 0, 0, 0, 0], \"6\": [0, 0, 0, 0, 0, 0, 0, 0, 0], \"7\": [0, 0, 0, 0, 0, 0, 0, 0, 0], \"8\": [0, 0, 0, 0, 0, 0, 0, 0, 0], \"9\": [0, 0, 0, 0, 0, 0, 0, 0, 1]}');
INSERT INTO `t_hall` VALUES (28, '4K厅', 15, 8, 8, '{\"1\": [0, 0, 0, 1, 0, 0, 0, 0], \"2\": [0, 0, 1, 0, 1, 0, 0, 0], \"3\": [0, 1, 0, 0, 0, 1, 0, 0], \"4\": [1, 0, 0, 0, 0, 0, 1, 0], \"5\": [0, 1, 0, 0, 0, 0, 0, 1], \"6\": [0, 0, 1, 0, 0, 0, 1, 0], \"7\": [0, 0, 0, 1, 0, 1, 0, 0], \"8\": [0, 0, 0, 0, 1, 0, 0, 0]}');

-- ----------------------------
-- Table structure for t_movie
-- ----------------------------
DROP TABLE IF EXISTS `t_movie`;
CREATE TABLE `t_movie`  (
  `movie_id` int(5) NOT NULL AUTO_INCREMENT COMMENT '电影id',
  `movie_name` varchar(50) CHARACTER SET utf8 COLLATE utf8_general_ci NOT NULL COMMENT '电影名称',
  `photo` varchar(100) CHARACTER SET utf8 COLLATE utf8_general_ci NOT NULL COMMENT '电影海报',
  `director` varchar(20) CHARACTER SET utf8 COLLATE utf8_general_ci NOT NULL COMMENT '导演',
  `actor` varchar(200) CHARACTER SET utf8 COLLATE utf8_general_ci NOT NULL COMMENT '主演',
  `type` varchar(30) CHARACTER SET utf8 COLLATE utf8_general_ci NOT NULL COMMENT '电影类型',
  `nation` varchar(20) CHARACTER SET utf8 COLLATE utf8_general_ci NOT NULL COMMENT '电影制片地区',
  `language` varchar(20) CHARACTER SET utf8 COLLATE utf8_general_ci NOT NULL COMMENT '电影语言版本',
  `time` int(5) NOT NULL COMMENT '电影片长',
  `date` varchar(30) CHARACTER SET utf8 COLLATE utf8_general_ci NOT NULL COMMENT '电影上映时间',
  `score` decimal(3, 1) NOT NULL COMMENT '电影评分',
  `intro` text CHARACTER SET utf8 COLLATE utf8_general_ci NOT NULL COMMENT '电影简介',
  PRIMARY KEY (`movie_id`) USING BTREE
) ENGINE = InnoDB AUTO_INCREMENT = 26 CHARACTER SET = utf8 COLLATE = utf8_general_ci ROW_FORMAT = Dynamic;

-- ----------------------------
-- Records of t_movie
-- ----------------------------
INSERT INTO `t_movie` VALUES (1, '你好，李焕英', '/images/movie/lhy.jpg', '贾玲', '贾玲,张小斐,沈腾,陈赫', '喜剧', '大陆', '汉语普通话', 128, '2021-04-12 08:00', 7.6, '刚考上大学的女孩贾晓玲（贾玲 饰）意外穿越回1981年，与正值青春的母亲李焕英（张小斐 饰）相遇。为了让妈妈更高兴，她变身亲妈闺蜜，给亲妈张罗对象。不仅用激将法催妈谈恋爱，还神助攻“厂二代”沈光林（沈腾 饰）向李焕英表达爱意，并因此开启了一段啼笑皆非、新奇有趣的意外之旅……');
INSERT INTO `t_movie` VALUES (2, '唐人街探案3', '/images/movie/trj3.jpg', '陈思诚', '王宝强,刘昊然,妻夫木聪', '喜剧,悬疑', '大陆', '汉语普通话', 136, '2021-04-12 08:00', 7.5, '继曼谷、纽约之后，东京再出大案。唐人街神探唐仁（王宝强饰）、秦风（刘昊然饰）受侦探野田昊（妻夫木聪饰）的邀请前往破案。“CRIMASTER世界侦探排行榜”中的侦探们闻讯后也齐聚东京，加入挑战，而排名第一Q的现身，让这个大案更加扑朔迷离，一场亚洲最强神探之间的较量即将爆笑展开……');
INSERT INTO `t_movie` VALUES (3, '人潮汹涌', '/images/movie/rcxy.jpg', '饶晓志', '刘德华,肖央,万茜', '剧情,喜剧,犯罪', '大陆', '汉语普通话', 119, '2021-04-12 08:00', 9.0, '2021年，你做好准备换个活法，牛转乾坤了吗？ 顶级杀手周全（刘德华 饰）和落寞群演陈小萌（肖央 饰）在一次意外中交换了身份。杀手在跌入谷底的过程中，重新审视了爱情和生活...');
INSERT INTO `t_movie` VALUES (4, '熊出没·狂野大陆', '/images/movie/xcm.jpg', '丁亮, 邵和麒', '张秉君,谭笑,张伟', '喜剧,科幻,动画', '大陆', '汉语普通话', 99, '2021-04-12 08:00', 8.0, '狗熊岭附近新开业了一座游乐园，名叫“狂野大陆”。在那里，游客们凭借基因技术可以自由变身，成为各种各样的动物，享受独一无二的乐趣。与此同时，导游事业不济的光头强，阴差阳错与神秘人乐天和熊二组队，参加乐园里奖金丰厚的比赛。然而，谁知比赛途中他们竟遭遇了队友乐天的背叛。在光头强历尽艰险终于获得冠军之际，却意外发现狂野大陆的深处酝酿着惊天的阴谋……');
INSERT INTO `t_movie` VALUES (5, '12', '/images/movie/1.jpg', 'lb', 'lb,lb,lb', '悲剧', '大陆', '汉语普通话', 100, '2021-04-12 08:00', 6.0, 'tetst');
INSERT INTO `t_movie` VALUES (6, '你好，李焕英1', '/images/movie/lhy.jpg', '贾玲', '贾玲,张小斐,沈腾,陈赫', '喜剧', '大陆', '汉语普通话', 128, '2021-04-12 00:00', 9.0, '刚考上大学的女孩贾晓玲（贾玲 饰）意外穿越回1981年，与正值青春的母亲李焕英（张小斐 饰）相遇。为了让妈妈更高兴，她变身亲妈闺蜜，给亲妈张罗对象。不仅用激将法催妈谈恋爱，还神助攻“厂二代”沈光林（沈腾 饰）向李焕英表达爱意，并因此开启了一段啼笑皆非、新奇有趣的意外之旅……');
INSERT INTO `t_movie` VALUES (7, '唐人街探案31', '/images/movie/trj3.jpg', '陈思诚', '王宝强,刘昊然,妻夫木聪', '喜剧,悬疑', '大陆', '汉语普通话', 136, '2021-04-12 00:00', 9.0, '继曼谷、纽约之后，东京再出大案。唐人街神探唐仁（王宝强饰）、秦风（刘昊然饰）受侦探野田昊（妻夫木聪饰）的邀请前往破案。“CRIMASTER世界侦探排行榜”中的侦探们闻讯后也齐聚东京，加入挑战，而排名第一Q的现身，让这个大案更加扑朔迷离，一场亚洲最强神探之间的较量即将爆笑展开……');
INSERT INTO `t_movie` VALUES (8, '人潮汹涌1', '/images/movie/rcxy.jpg', '饶晓志', '刘德华,肖央,万茜', '剧情,喜剧,犯罪', '大陆', '汉语普通话', 119, '2021-04-12 00:00', 9.0, '2021年，你做好准备换个活法，牛转乾坤了吗？ 顶级杀手周全（刘德华 饰）和落寞群演陈小萌（肖央 饰）在一次意外中交换了身份。杀手在跌入谷底的过程中，重新审视了爱情和生活...');
INSERT INTO `t_movie` VALUES (9, '熊出没·狂野大陆1', '/images/movie/xcm.jpg', '丁亮, 邵和麒', '张秉君,谭笑,张伟', '喜剧,科幻,动画', '大陆', '汉语普通话', 99, '2021-04-12 08:00', 0.0, '狗熊岭附近新开业了一座游乐园，名叫“狂野大陆”。在那里，游客们凭借基因技术可以自由变身，成为各种各样的动物，享受独一无二的乐趣。与此同时，导游事业不济的光头强，阴差阳错与神秘人乐天和熊二组队，参加乐园里奖金丰厚的比赛。然而，谁知比赛途中他们竟遭遇了队友乐天的背叛。在光头强历尽艰险终于获得冠军之际，却意外发现狂野大陆的深处酝酿着惊天的阴谋……');
INSERT INTO `t_movie` VALUES (10, '121', '/images/movie/1.jpg', 'lb', 'lb,lb,lb', '悲剧', '大陆', '汉语普通话', 100, '2021-04-15 08:00', 0.0, 'tetst');
INSERT INTO `t_movie` VALUES (11, '你好，李焕英2', '/images/movie/lhy.jpg', '贾玲', '贾玲,张小斐,沈腾,陈赫', '喜剧', '大陆', '汉语普通话', 128, '2021-04-12 00:00', 9.0, '刚考上大学的女孩贾晓玲（贾玲 饰）意外穿越回1981年，与正值青春的母亲李焕英（张小斐 饰）相遇。为了让妈妈更高兴，她变身亲妈闺蜜，给亲妈张罗对象。不仅用激将法催妈谈恋爱，还神助攻“厂二代”沈光林（沈腾 饰）向李焕英表达爱意，并因此开启了一段啼笑皆非、新奇有趣的意外之旅……');
INSERT INTO `t_movie` VALUES (12, '唐人街探案3', '/images/movie/trj3.jpg', '陈思诚', '王宝强,刘昊然,妻夫木聪', '喜剧,悬疑', '大陆', '汉语普通话', 136, '2021-04-12 00:00', 0.0, '继曼谷、纽约之后，东京再出大案。唐人街神探唐仁（王宝强饰）、秦风（刘昊然饰）受侦探野田昊（妻夫木聪饰）的邀请前往破案。“CRIMASTER世界侦探排行榜”中的侦探们闻讯后也齐聚东京，加入挑战，而排名第一Q的现身，让这个大案更加扑朔迷离，一场亚洲最强神探之间的较量即将爆笑展开……');
INSERT INTO `t_movie` VALUES (13, '人潮汹涌', '/images/movie/rcxy.jpg', '饶晓志', '刘德华,肖央,万茜', '剧情,喜剧,犯罪', '大陆', '汉语普通话', 119, '2021-04-12 00:00', 0.0, '2021年，你做好准备换个活法，牛转乾坤了吗？ 顶级杀手周全（刘德华 饰）和落寞群演陈小萌（肖央 饰）在一次意外中交换了身份。杀手在跌入谷底的过程中，重新审视了爱情和生活...');
INSERT INTO `t_movie` VALUES (14, '你好，李焕英', '/images/movie/lhy.jpg', '贾玲', '贾玲,张小斐,沈腾,陈赫', '喜剧', '大陆', '汉语普通话', 128, '2021-06-12 08:00', 0.0, '刚考上大学的女孩贾晓玲（贾玲 饰）意外穿越回1981年，与正值青春的母亲李焕英（张小斐 饰）相遇。为了让妈妈更高兴，她变身亲妈闺蜜，给亲妈张罗对象。不仅用激将法催妈谈恋爱，还神助攻“厂二代”沈光林（沈腾 饰）向李焕英表达爱意，并因此开启了一段啼笑皆非、新奇有趣的意外之旅……');
INSERT INTO `t_movie` VALUES (15, '唐人街探案3', '/images/movie/trj3.jpg', '陈思诚', '王宝强,刘昊然,妻夫木聪', '喜剧,悬疑', '大陆', '汉语普通话', 136, '2021-06-12 08:00', 0.0, '继曼谷、纽约之后，东京再出大案。唐人街神探唐仁（王宝强饰）、秦风（刘昊然饰）受侦探野田昊（妻夫木聪饰）的邀请前往破案。“CRIMASTER世界侦探排行榜”中的侦探们闻讯后也齐聚东京，加入挑战，而排名第一Q的现身，让这个大案更加扑朔迷离，一场亚洲最强神探之间的较量即将爆笑展开……');
INSERT INTO `t_movie` VALUES (16, '人潮汹涌', '/images/movie/rcxy.jpg', '饶晓志', '刘德华,肖央,万茜', '剧情,喜剧,犯罪', '大陆', '汉语普通话', 119, '2010-10-04 00:00', 0.0, '2021年，你做好准备换个活法，牛转乾坤了吗？ 顶级杀手周全（刘德华 饰）和落寞群演陈小萌（肖央 饰）在一次意外中交换了身份。杀手在跌入谷底的过程中，重新审视了爱情和生活...');
INSERT INTO `t_movie` VALUES (17, '熊出没·狂野大陆', '/images/movie/xcm.jpg', '丁亮, 邵和麒', '张秉君,谭笑,张伟', '喜剧,科幻,动画', '大陆', '汉语普通话', 99, '2010-10-04 00:00', 0.0, '狗熊岭附近新开业了一座游乐园，名叫“狂野大陆”。在那里，游客们凭借基因技术可以自由变身，成为各种各样的动物，享受独一无二的乐趣。与此同时，导游事业不济的光头强，阴差阳错与神秘人乐天和熊二组队，参加乐园里奖金丰厚的比赛。然而，谁知比赛途中他们竟遭遇了队友乐天的背叛。在光头强历尽艰险终于获得冠军之际，却意外发现狂野大陆的深处酝酿着惊天的阴谋……');
INSERT INTO `t_movie` VALUES (18, '1', '/images/movie/1.jpg', 'lb', 'lb,lb,lb', '悲剧', '中国香港', '汉语普通话', 100, '2000-06-12 08:00', 0.0, 'tetst');
INSERT INTO `t_movie` VALUES (21, ' 阿凡达', '/images/movie/afd.jpg', '詹姆斯·卡梅隆', '萨姆·沃辛顿,佐伊·索尔达娜', '动作,科幻,冒险', '美国', '英语', 162, '2010-10-04 00:00', 10.0, '战斗中负伤而下身瘫痪的前海军战士杰克·萨利（萨姆·沃辛顿 饰）决定替死去的同胞哥哥到潘多拉星控操纵格蕾丝博士（西格妮·韦弗 饰）用人类基因与当地纳美部族基因结合创造出的“阿凡达“混血生物。”杰克的目的是打入纳美部落，外交说服他们自愿离开世代居住的家园，从而SecFor公司可砍伐殆尽该地区的原始森林，开采地下昂贵的“不可得”矿。在探索潘多拉星的过程中，杰克遇到了纳美部落的公主娜蒂瑞（佐伊·索尔达娜饰），向她学习了纳美人的生存技能与对待自然的态度。与此同时，SecFor公司的经理和军方代表上校迈尔斯（史蒂芬·朗 饰）逐渐丧失耐心，决定诉诸武力驱赶纳美人。');
INSERT INTO `t_movie` VALUES (22, '名侦探柯南：绯色的子弹', '/images/movie/kn.jpg', ' 永冈智佳', '高山南,山崎和佳奈', '动作,动画,悬疑', '日本', '日语', 110, '2021-04-17 08:00', 7.0, '全球最⼤体育盛事WSG即将在东京举办开幕式，届时，融合⽇本先进技术打造的最⾼时速可达1000km的 “真空超电导磁悬浮”也即将通车。在这个万众瞩⽬的关头，汇集WSG知名赞助商的酒会现场遇到了突发事件，知名企业的⾼官接连遭到绑架，列车启动仪式现场也出现了意外。根据柯南的推理，本次事件也许与⼗五年前在美国波⼠顿发⽣的WSG绑架事件有关。这真的是偶然吗？在各国游客聚集的⽇本到底会发⽣什么样的事件？真空超导磁悬浮启动之时，“危险⼀ 家⼈”终于集结！');
INSERT INTO `t_movie` VALUES (23, '1234', '/images/movie/tx2.jpg', '1234', '1234', '1234', '123', '1234', 1234, '2020-05-03 00:00', 10.0, '123');
INSERT INTO `t_movie` VALUES (24, '哆啦A梦：伴我同行2', '/images/movie/dlam.jpg', '八木龙一', '水田山葵,大原惠美', '剧情,动画', '日本', '日语', 96, '2021-05-30 08:00', 8.0, '时隔6年，动画电影“伴我同行”系列回归，同时本片也是该系列的终章。大雄为了实现奶奶看到妻子的愿望，想坐着时光机去未来参加他的婚礼，但爱情长跑50年终于要娶到静香的大雄竟然想逃婚…');

-- ----------------------------
-- Table structure for t_movie_interval
-- ----------------------------
DROP TABLE IF EXISTS `t_movie_interval`;
CREATE TABLE `t_movie_interval`  (
  `movie_interval_id` int(11) NOT NULL AUTO_INCREMENT COMMENT '电影播放场次id',
  `movie_interval_name` varchar(20) CHARACTER SET utf8 COLLATE utf8_general_ci NOT NULL COMMENT '场次名称',
  `begin_time` varchar(20) CHARACTER SET utf8 COLLATE utf8_general_ci NOT NULL COMMENT '场次开始时间',
  `end_time` varchar(20) CHARACTER SET utf8 COLLATE utf8_general_ci NOT NULL COMMENT '场次结束时间',
  PRIMARY KEY (`movie_interval_id`) USING BTREE
) ENGINE = InnoDB AUTO_INCREMENT = 31 CHARACTER SET = utf8 COLLATE = utf8_general_ci ROW_FORMAT = Dynamic;

-- ----------------------------
-- Records of t_movie_interval
-- ----------------------------
INSERT INTO `t_movie_interval` VALUES (1, '10点场', '10:00', '12:05');
INSERT INTO `t_movie_interval` VALUES (2, '10点半场', '10:30', '12:35');
INSERT INTO `t_movie_interval` VALUES (3, '11点场', '11:00', '13:05');
INSERT INTO `t_movie_interval` VALUES (4, '11点半场', '11:30', '13:35');
INSERT INTO `t_movie_interval` VALUES (5, '12点场', '12:00', '14:05');
INSERT INTO `t_movie_interval` VALUES (6, '12点半场', '12:30', '14:35');
INSERT INTO `t_movie_interval` VALUES (7, '下午1点场', '13:00', '15:05');
INSERT INTO `t_movie_interval` VALUES (8, '下午1点半场', '13:30', '15:35');
INSERT INTO `t_movie_interval` VALUES (9, '下午2点场', '14:00', '16:05');
INSERT INTO `t_movie_interval` VALUES (10, '下午2点半场', '14:30', '16:35');
INSERT INTO `t_movie_interval` VALUES (11, '下午3点场', '15:00', '17:05');
INSERT INTO `t_movie_interval` VALUES (12, '下午3点半场', '15:30', '17:35');
INSERT INTO `t_movie_interval` VALUES (13, '下午4点场', '16:00', '18:05');
INSERT INTO `t_movie_interval` VALUES (14, '下午4点半场', '16:30', '18:35');
INSERT INTO `t_movie_interval` VALUES (15, '下午5点场', '17:00', '19:05');
INSERT INTO `t_movie_interval` VALUES (16, '下午5点半场', '17:30', '19:35');
INSERT INTO `t_movie_interval` VALUES (17, '下午6点场', '18:00', '20:05');
INSERT INTO `t_movie_interval` VALUES (18, '晚上6点半场', '18:30', '20:35');
INSERT INTO `t_movie_interval` VALUES (19, '晚上7点场', '19:00', '21:05');
INSERT INTO `t_movie_interval` VALUES (20, '晚上7点半场', '19:30', '21:35');
INSERT INTO `t_movie_interval` VALUES (21, '晚上8点场', '20:00', '22:05');
INSERT INTO `t_movie_interval` VALUES (22, '晚上8点半场', '20:30', '22:35');
INSERT INTO `t_movie_interval` VALUES (23, '晚上9点场', '21:00', '23:05');
INSERT INTO `t_movie_interval` VALUES (24, '晚上9点半场', '21:30', '23:35');
INSERT INTO `t_movie_interval` VALUES (25, '晚上10点场', '22:00', '00:05');

-- ----------------------------
-- Table structure for t_order
-- ----------------------------
DROP TABLE IF EXISTS `t_order`;
CREATE TABLE `t_order`  (
  `order_id` int(11) NOT NULL AUTO_INCREMENT COMMENT '订单id',
  `user_id` int(11) NOT NULL COMMENT '用户id',
  `schedule_id` int(11) NOT NULL COMMENT '排片id',
  `number` int(11) NOT NULL COMMENT '购买的电影票数',
  `price` decimal(6, 2) NOT NULL COMMENT '电影票价格',
  `seat` varchar(100) CHARACTER SET utf8 COLLATE utf8_general_ci NOT NULL COMMENT '座位信息',
  `state` int(11) NOT NULL COMMENT '支付状态(0:未支付，1:已支付，2:已超时，3已退款)',
  `code` varchar(20) CHARACTER SET utf8 COLLATE utf8_general_ci NULL DEFAULT NULL COMMENT '取票码',
  `date` varchar(20) CHARACTER SET utf8 COLLATE utf8_general_ci NOT NULL COMMENT '下单时间',
  PRIMARY KEY (`order_id`) USING BTREE,
  INDEX `fk_ou`(`user_id`) USING BTREE,
  INDEX `fk_os`(`schedule_id`) USING BTREE,
  CONSTRAINT `fk_os` FOREIGN KEY (`schedule_id`) REFERENCES `t_schedule` (`schedule_id`) ON DELETE CASCADE ON UPDATE CASCADE,
  CONSTRAINT `fk_ou` FOREIGN KEY (`user_id`) REFERENCES `t_user` (`user_id`) ON DELETE CASCADE ON UPDATE CASCADE
) ENGINE = InnoDB AUTO_INCREMENT = 130 CHARACTER SET = utf8 COLLATE = utf8_general_ci ROW_FORMAT = Dynamic;

-- ----------------------------
-- Records of t_order
-- ----------------------------
INSERT INTO `t_order` VALUES (2, 3, 1, 3, 150.00, '[1,2,3]', 0, '123455', '2021-04-17 12:01:23');
INSERT INTO `t_order` VALUES (3, 4, 1, 3, 150.00, '[1,2,3]', 1, 'adsadd', '2021-04-17 12:01:23');
INSERT INTO `t_order` VALUES (4, 2, 1, 3, 150.00, '[1,2,3]', 2, '123456', '2021-04-17 12:01:23');
INSERT INTO `t_order` VALUES (5, 3, 1, 3, 150.00, '[1,2,3]', 0, '123455', '2021-04-17 12:01:23');
INSERT INTO `t_order` VALUES (6, 4, 1, 3, 150.00, '[1,2,3]', 0, 'adsadd', '2021-04-17 12:01:23');
INSERT INTO `t_order` VALUES (7, 2, 1, 3, 150.00, '[1,2,3]', 1, '123456', '2021-04-17 12:01:23');
INSERT INTO `t_order` VALUES (8, 3, 1, 3, 150.00, '[1,2,3]', 0, '123455', '2021-04-17 12:01:23');
INSERT INTO `t_order` VALUES (9, 4, 1, 3, 150.00, '[1,2,3]', 0, 'adsadd', '2021-04-17 12:01:23');
INSERT INTO `t_order` VALUES (10, 2, 1, 3, 150.00, '[1,2,3]', 0, '123456', '2021-04-17 12:01:23');
INSERT INTO `t_order` VALUES (11, 3, 1, 3, 150.00, '[1,2,3]', 2, '123455', '2021-04-17 12:01:23');
INSERT INTO `t_order` VALUES (12, 4, 1, 3, 150.00, '[1,2,3]', 0, 'adsadd', '2021-04-17 12:01:23');
INSERT INTO `t_order` VALUES (53, 3, 1, 1, 54.90, '[\"8排14座\"]', 1, '6s2vmw', '2021-05-04 00:36:25');
INSERT INTO `t_order` VALUES (68, 2, 1, 2, 109.80, '[\"1排1座\",\"1排3座\"]', 1, '509048', '2021-05-04 14:57:47');
INSERT INTO `t_order` VALUES (78, 2, 1, 1, 54.90, '[\"1排7座\"]', 2, NULL, '2021-05-04 15:33:45');
INSERT INTO `t_order` VALUES (79, 2, 1, 1, 54.90, '[\"1排8座\"]', 1, 'q3l178', '2021-05-04 15:37:44');
INSERT INTO `t_order` VALUES (80, 2, 1, 1, 54.90, '[\"1排10座\"]', 1, 'n7nq3n', '2021-05-04 15:43:05');
INSERT INTO `t_order` VALUES (81, 2, 1, 1, 54.90, '[\"1排6座\"]', 1, '7kr7w5', '2021-05-04 15:45:09');
INSERT INTO `t_order` VALUES (82, 2, 1, 5, 274.50, '[\"3排5座\",\"3排8座\",\"5排10座\",\"5排7座\",\"6排5座\"]', 1, 'rp5g5u', '2021-05-04 15:52:31');
INSERT INTO `t_order` VALUES (83, 2, 1, 1, 54.90, '[\"5排3座\"]', 2, NULL, '2021-05-04 15:54:49');
INSERT INTO `t_order` VALUES (85, 2, 1, 1, 54.90, '[\"2排10座\"]', 2, NULL, '2021-05-04 16:31:44');
INSERT INTO `t_order` VALUES (86, 2, 1, 1, 54.90, '[\"1排11座\"]', 0, NULL, '2021-05-04 16:53:38');
INSERT INTO `t_order` VALUES (89, 2, 2, 1, 54.90, '[\"5排10座\"]', 2, NULL, '2021-05-04 17:32:45');
INSERT INTO `t_order` VALUES (90, 2, 2, 1, 54.90, '[\"9排16座\"]', 2, NULL, '2021-05-04 17:35:22');
INSERT INTO `t_order` VALUES (91, 3, 2, 2, 109.80, '[\"1排4座\",\"1排5座\"]', 1, 'y507b8', '2021-05-04 17:41:04');
INSERT INTO `t_order` VALUES (92, 3, 2, 2, 109.80, '[\"1排8座\",\"1排10座\"]', 1, '06vl69', '2021-05-04 17:41:30');
INSERT INTO `t_order` VALUES (93, 2, 1, 1, 54.90, '[\"1排12座\"]', 0, NULL, '2021-05-05 01:58:10');
INSERT INTO `t_order` VALUES (94, 2, 1, 2, 109.80, '[\"1排3座\",\"1排4座\"]', 1, '087keo', '2021-05-06 00:49:12');
INSERT INTO `t_order` VALUES (98, 2, 1, 2, 109.80, '[\"3排6座\",\"3排7座\"]', 2, NULL, '2021-05-09 17:14:38');
INSERT INTO `t_order` VALUES (104, 2, 1, 2, 109.80, '[\"1排7座\",\"1排8座\"]', 1, '48938l', '2021-05-09 22:55:15');
INSERT INTO `t_order` VALUES (106, 2, 29, 2, 246.00, '[\"1排8座\",\"2排9座\"]', 3, 'o2s5gr', '2021-05-10 17:32:01');
INSERT INTO `t_order` VALUES (120, 2, 1, 1, 54.90, '[\"1排10座\"]', 2, NULL, '2021-05-10 23:40:21');
INSERT INTO `t_order` VALUES (121, 2, 29, 1, 123.00, '[\"7排10座\"]', 3, 'xmyyb2', '2021-05-10 23:52:58');
INSERT INTO `t_order` VALUES (122, 2, 29, 1, 123.00, '[\"7排10座\"]', 1, '3babm9', '2021-05-11 00:21:16');
INSERT INTO `t_order` VALUES (123, 2, 29, 1, 123.00, '[\"7排10座\"]', 3, '79r38s', '2021-05-11 00:29:11');
INSERT INTO `t_order` VALUES (124, 2, 29, 1, 123.00, '[\"7排10座\"]', 3, 'k56nh5', '2021-05-11 00:30:56');
INSERT INTO `t_order` VALUES (125, 2, 31, 2, 246.00, '[\"1排10座\",\"1排9座\"]', 1, 'q8eo6p', '2021-05-30 15:31:56');
INSERT INTO `t_order` VALUES (126, 2, 30, 2, 110.00, '[\"3排9座\",\"5排6座\"]', 1, '5q34v4', '2021-05-30 15:31:56');
INSERT INTO `t_order` VALUES (127, 2, 29, 2, 246.00, '[\"5排9座\",\"6排9座\"]', 2, NULL, '2021-05-31 01:32:54');
INSERT INTO `t_order` VALUES (128, 2, 34, 1, 44.90, '[\"1排8座\"]', 1, '9tae73', '2021-05-31 15:31:56');

-- ----------------------------
-- Table structure for t_schedule
-- ----------------------------
DROP TABLE IF EXISTS `t_schedule`;
CREATE TABLE `t_schedule`  (
  `schedule_id` int(11) NOT NULL AUTO_INCREMENT COMMENT '排片id',
  `movie_id` int(11) NOT NULL COMMENT '电影id',
  `cinema_id` int(11) NOT NULL COMMENT '电影院id',
  `hall_id` int(11) NOT NULL COMMENT '影厅id',
  `movie_interval_id` int(11) NOT NULL COMMENT '场次id',
  `date` varchar(30) CHARACTER SET utf8 COLLATE utf8_general_ci NOT NULL COMMENT '放映时间',
  `language` varchar(20) CHARACTER SET utf8 COLLATE utf8_general_ci NOT NULL COMMENT '语言版本',
  `price` decimal(5, 2) NOT NULL COMMENT '电影价格',
  `seat` json NOT NULL COMMENT '座位（0代表空位，1代表没有座位，2代表已选择，3代表已售出）',
  PRIMARY KEY (`schedule_id`) USING BTREE,
  INDEX `fk_sm`(`movie_id`) USING BTREE,
  INDEX `fk_sc`(`cinema_id`) USING BTREE,
  INDEX `fk_sh`(`hall_id`) USING BTREE,
  INDEX `fk_smi`(`movie_interval_id`) USING BTREE,
  CONSTRAINT `fk_sc` FOREIGN KEY (`cinema_id`) REFERENCES `t_cinema` (`cinema_id`) ON DELETE CASCADE ON UPDATE CASCADE,
  CONSTRAINT `fk_sh` FOREIGN KEY (`hall_id`) REFERENCES `t_hall` (`hall_id`) ON DELETE CASCADE ON UPDATE CASCADE,
  CONSTRAINT `fk_sm` FOREIGN KEY (`movie_id`) REFERENCES `t_movie` (`movie_id`) ON DELETE CASCADE ON UPDATE CASCADE,
  CONSTRAINT `fk_smi` FOREIGN KEY (`movie_interval_id`) REFERENCES `t_movie_interval` (`movie_interval_id`) ON DELETE CASCADE ON UPDATE CASCADE
) ENGINE = InnoDB AUTO_INCREMENT = 35 CHARACTER SET = utf8 COLLATE = utf8_general_ci ROW_FORMAT = Dynamic;

-- ----------------------------
-- Records of t_schedule
-- ----------------------------
INSERT INTO `t_schedule` VALUES (1, 1, 1, 2, 1, '2021-04-12', '国语2D', 54.90, '{\"1\": [1, 1, 3, 3, 0, 0, 3, 3, 0, 0], \"2\": [0, 0, 0, 0, 0, 0, 0, 0, 0, 0], \"3\": [0, 0, 0, 0, 0, 0, 0, 0, 0, 0], \"4\": [0, 0, 0, 0, 0, 0, 0, 0, 0, 0], \"5\": [0, 0, 0, 0, 0, 0, 0, 0, 0, 0], \"6\": [0, 0, 0, 0, 0, 0, 0, 0, 0, 0], \"7\": [0, 0, 0, 0, 0, 0, 0, 0, 0, 0], \"8\": [0, 0, 0, 0, 0, 0, 0, 0, 0, 0], \"9\": [0, 0, 0, 0, 0, 0, 0, 0, 0, 0], \"10\": [0, 0, 0, 0, 0, 0, 0, 0, 0, 0]}');
INSERT INTO `t_schedule` VALUES (2, 2, 1, 1, 2, '2021-04-12', '国语2D', 54.90, '{\"1\": [0, 0, 0, 3, 3, 0, 0, 3, 0, 3, 0, 0, 0, 0, 0, 0], \"2\": [0, 0, 0, 0, 0, 0, 0, 0, 0, 0, 0, 0, 0, 0, 0, 0], \"3\": [0, 0, 0, 0, 0, 0, 0, 0, 0, 0, 0, 0, 0, 0, 0, 0], \"4\": [0, 0, 0, 0, 0, 0, 0, 0, 0, 0, 0, 0, 0, 0, 0, 0], \"5\": [0, 0, 0, 0, 0, 0, 0, 0, 0, 0, 0, 0, 0, 0, 0, 0], \"6\": [0, 0, 0, 0, 0, 0, 0, 0, 0, 0, 0, 0, 0, 0, 0, 0], \"7\": [0, 0, 0, 0, 0, 0, 0, 0, 0, 0, 0, 0, 0, 0, 0, 0], \"8\": [0, 0, 0, 0, 0, 0, 0, 0, 0, 0, 0, 0, 0, 0, 0, 0], \"9\": [0, 0, 0, 0, 0, 0, 0, 0, 0, 0, 0, 0, 0, 0, 0, 0], \"10\": [0, 0, 0, 0, 0, 0, 0, 0, 0, 0, 0, 0, 0, 0, 0, 0], \"11\": [0, 0, 0, 0, 0, 1, 1, 1, 1, 1, 1, 0, 0, 0, 0, 0], \"12\": [0, 0, 0, 0, 0, 1, 1, 1, 1, 1, 1, 0, 0, 0, 0, 0], \"13\": [0, 0, 0, 0, 0, 1, 1, 1, 1, 1, 1, 0, 0, 0, 0, 0], \"14\": [0, 0, 0, 0, 0, 1, 1, 1, 1, 1, 1, 0, 0, 0, 0, 0], \"15\": [0, 0, 0, 0, 0, 1, 1, 1, 1, 1, 1, 0, 0, 0, 0, 0]}');
INSERT INTO `t_schedule` VALUES (3, 3, 1, 2, 4, '2021-04-12', '国语2D', 60.90, '{\"1\": [0, 0, 0, 0, 0, 0, 0, 0, 0, 0, 0, 0, 0, 0, 0, 0], \"2\": [0, 0, 0, 0, 0, 0, 0, 0, 0, 0, 0, 0, 0, 0, 0, 0], \"3\": [0, 0, 0, 0, 0, 0, 0, 0, 0, 0, 0, 0, 0, 0, 0, 0], \"4\": [0, 0, 0, 0, 0, 0, 0, 0, 0, 0, 0, 0, 0, 0, 0, 0], \"5\": [0, 0, 0, 0, 0, 0, 0, 0, 0, 0, 0, 0, 0, 0, 0, 0], \"6\": [0, 0, 0, 0, 0, 0, 0, 0, 0, 0, 0, 0, 0, 0, 0, 0], \"7\": [0, 0, 0, 0, 0, 0, 0, 0, 0, 0, 0, 0, 0, 0, 0, 0], \"8\": [0, 0, 0, 0, 0, 0, 0, 0, 0, 0, 0, 0, 0, 0, 0, 0], \"9\": [0, 0, 0, 0, 0, 0, 0, 0, 0, 0, 0, 0, 0, 0, 0, 0], \"10\": [0, 0, 0, 0, 0, 0, 0, 0, 0, 0, 0, 0, 0, 0, 0, 0], \"11\": [0, 0, 0, 0, 0, 1, 1, 1, 1, 1, 1, 0, 0, 0, 0, 0], \"12\": [0, 0, 0, 0, 0, 1, 1, 1, 1, 1, 1, 0, 0, 0, 0, 0], \"13\": [0, 0, 0, 0, 0, 1, 1, 1, 1, 1, 1, 0, 0, 0, 0, 0], \"14\": [0, 0, 0, 0, 0, 1, 1, 1, 1, 1, 1, 0, 0, 0, 0, 0], \"15\": [0, 0, 0, 0, 0, 1, 1, 1, 1, 1, 1, 0, 0, 0, 0, 0]}');
INSERT INTO `t_schedule` VALUES (4, 4, 1, 2, 3, '2021-04-12', '国语2D', 80.90, '{\"1\": [0, 0, 0, 0, 0, 0, 0, 0, 0, 0, 0, 0, 0, 0, 0, 0], \"2\": [0, 0, 0, 0, 0, 0, 0, 0, 0, 0, 0, 0, 0, 0, 0, 0], \"3\": [0, 0, 0, 0, 0, 0, 0, 0, 0, 0, 0, 0, 0, 0, 0, 0], \"4\": [0, 0, 0, 0, 0, 0, 0, 0, 0, 0, 0, 0, 0, 0, 0, 0], \"5\": [0, 0, 0, 0, 0, 0, 0, 0, 0, 0, 0, 0, 0, 0, 0, 0], \"6\": [0, 0, 0, 0, 0, 0, 0, 0, 0, 0, 0, 0, 0, 0, 0, 0], \"7\": [0, 0, 0, 0, 0, 0, 0, 0, 0, 0, 0, 0, 0, 0, 0, 0], \"8\": [0, 0, 0, 0, 0, 0, 0, 0, 0, 0, 0, 0, 0, 0, 0, 0], \"9\": [0, 0, 0, 0, 0, 0, 0, 0, 0, 0, 0, 0, 0, 0, 0, 0], \"10\": [0, 0, 0, 0, 0, 0, 0, 0, 0, 0, 0, 0, 0, 0, 0, 0], \"11\": [0, 0, 0, 0, 0, 1, 1, 1, 1, 1, 1, 0, 0, 0, 0, 0], \"12\": [0, 0, 0, 0, 0, 1, 1, 1, 1, 1, 1, 0, 0, 0, 0, 0], \"13\": [0, 0, 0, 0, 0, 1, 1, 1, 1, 1, 1, 0, 0, 0, 0, 0], \"14\": [0, 0, 0, 0, 0, 1, 1, 1, 1, 1, 1, 0, 0, 0, 0, 0], \"15\": [0, 0, 0, 0, 0, 1, 1, 1, 1, 1, 1, 0, 0, 0, 0, 0]}');
INSERT INTO `t_schedule` VALUES (5, 5, 1, 3, 5, '2021-04-12', '国语2D', 54.90, '{\"1\": [0, 0, 0, 0, 0, 0, 0, 0, 0, 0, 0, 0, 0, 0, 0, 0], \"2\": [0, 0, 0, 0, 0, 0, 0, 0, 0, 0, 0, 0, 0, 0, 0, 0], \"3\": [0, 0, 0, 0, 0, 0, 0, 0, 0, 0, 0, 0, 0, 0, 0, 0], \"4\": [0, 0, 0, 0, 0, 0, 0, 0, 0, 0, 0, 0, 0, 0, 0, 0], \"5\": [0, 0, 0, 0, 0, 0, 0, 0, 0, 0, 0, 0, 0, 0, 0, 0], \"6\": [0, 0, 0, 0, 0, 0, 0, 0, 0, 0, 0, 0, 0, 0, 0, 0], \"7\": [0, 0, 0, 0, 0, 0, 0, 0, 0, 0, 0, 0, 0, 0, 0, 0], \"8\": [0, 0, 0, 0, 0, 0, 0, 0, 0, 0, 0, 0, 0, 0, 0, 0], \"9\": [0, 0, 0, 0, 0, 0, 0, 0, 0, 0, 0, 0, 0, 0, 0, 0], \"10\": [0, 0, 0, 0, 0, 0, 0, 0, 0, 0, 0, 0, 0, 0, 0, 0], \"11\": [0, 0, 0, 0, 0, 1, 1, 1, 1, 1, 1, 0, 0, 0, 0, 0], \"12\": [0, 0, 0, 0, 0, 1, 1, 1, 1, 1, 1, 0, 0, 0, 0, 0], \"13\": [0, 0, 0, 0, 0, 1, 1, 1, 1, 1, 1, 0, 0, 0, 0, 0], \"14\": [0, 0, 0, 0, 0, 1, 1, 1, 1, 1, 1, 0, 0, 0, 0, 0], \"15\": [0, 0, 0, 0, 0, 1, 1, 1, 1, 1, 1, 0, 0, 0, 0, 0]}');
INSERT INTO `t_schedule` VALUES (6, 1, 2, 1, 6, '2021-04-12', '国语2D', 54.90, '{\"1\": [0, 0, 0, 0, 0, 0, 0, 0, 0, 0, 0, 0, 0, 0, 0, 0], \"2\": [0, 0, 0, 0, 0, 0, 0, 0, 0, 0, 0, 0, 0, 0, 0, 0], \"3\": [0, 0, 0, 0, 0, 0, 0, 0, 0, 0, 0, 0, 0, 0, 0, 0], \"4\": [0, 0, 0, 0, 0, 0, 0, 0, 0, 0, 0, 0, 0, 0, 0, 0], \"5\": [0, 0, 0, 0, 0, 0, 0, 0, 0, 0, 0, 0, 0, 0, 0, 0], \"6\": [0, 0, 0, 0, 0, 0, 0, 0, 0, 0, 0, 0, 0, 0, 0, 0], \"7\": [0, 0, 0, 0, 0, 0, 0, 0, 0, 0, 0, 0, 0, 0, 0, 0], \"8\": [0, 0, 0, 0, 0, 0, 0, 0, 0, 0, 0, 0, 0, 0, 0, 0], \"9\": [0, 0, 0, 0, 0, 0, 0, 0, 0, 0, 0, 0, 0, 0, 0, 0], \"10\": [0, 0, 0, 0, 0, 0, 0, 0, 0, 0, 0, 0, 0, 0, 0, 0], \"11\": [0, 0, 0, 0, 0, 1, 1, 1, 1, 1, 1, 0, 0, 0, 0, 0], \"12\": [0, 0, 0, 0, 0, 1, 1, 1, 1, 1, 1, 0, 0, 0, 0, 0], \"13\": [0, 0, 0, 0, 0, 1, 1, 1, 1, 1, 1, 0, 0, 0, 0, 0], \"14\": [0, 0, 0, 0, 0, 1, 1, 1, 1, 1, 1, 0, 0, 0, 0, 0], \"15\": [0, 0, 0, 0, 0, 1, 1, 1, 1, 1, 1, 0, 0, 0, 0, 0]}');
INSERT INTO `t_schedule` VALUES (7, 2, 2, 1, 7, '2021-04-12', '国语2D', 40.90, '{\"1\": [0, 0, 0, 0, 0, 0, 0, 0, 0, 0, 0, 0, 0, 0, 0, 0], \"2\": [0, 0, 0, 0, 0, 0, 0, 0, 0, 0, 0, 0, 0, 0, 0, 0], \"3\": [0, 0, 0, 0, 0, 0, 0, 0, 0, 0, 0, 0, 0, 0, 0, 0], \"4\": [0, 0, 0, 0, 0, 0, 0, 0, 0, 0, 0, 0, 0, 0, 0, 0], \"5\": [0, 0, 0, 0, 0, 0, 0, 0, 0, 0, 0, 0, 0, 0, 0, 0], \"6\": [0, 0, 0, 0, 0, 0, 0, 0, 0, 0, 0, 0, 0, 0, 0, 0], \"7\": [0, 0, 0, 0, 0, 0, 0, 0, 0, 0, 0, 0, 0, 0, 0, 0], \"8\": [0, 0, 0, 0, 0, 0, 0, 0, 0, 0, 0, 0, 0, 0, 0, 0], \"9\": [0, 0, 0, 0, 0, 0, 0, 0, 0, 0, 0, 0, 0, 0, 0, 0], \"10\": [0, 0, 0, 0, 0, 0, 0, 0, 0, 0, 0, 0, 0, 0, 0, 0], \"11\": [0, 0, 0, 0, 0, 1, 1, 1, 1, 1, 1, 0, 0, 0, 0, 0], \"12\": [0, 0, 0, 0, 0, 1, 1, 1, 1, 1, 1, 0, 0, 0, 0, 0], \"13\": [0, 0, 0, 0, 0, 1, 1, 1, 1, 1, 1, 0, 0, 0, 0, 0], \"14\": [0, 0, 0, 0, 0, 1, 1, 1, 1, 1, 1, 0, 0, 0, 0, 0], \"15\": [0, 0, 0, 0, 0, 1, 1, 1, 1, 1, 1, 0, 0, 0, 0, 0]}');
INSERT INTO `t_schedule` VALUES (8, 3, 2, 2, 8, '2021-04-12', '国语2D', 54.90, '{\"1\": [0, 0, 0, 0, 0, 0, 0, 0, 0, 0, 0, 0, 0, 0, 0, 0], \"2\": [0, 0, 0, 0, 0, 0, 0, 0, 0, 0, 0, 0, 0, 0, 0, 0], \"3\": [0, 0, 0, 0, 0, 0, 0, 0, 0, 0, 0, 0, 0, 0, 0, 0], \"4\": [0, 0, 0, 0, 0, 0, 0, 0, 0, 0, 0, 0, 0, 0, 0, 0], \"5\": [0, 0, 0, 0, 0, 0, 0, 0, 0, 0, 0, 0, 0, 0, 0, 0], \"6\": [0, 0, 0, 0, 0, 0, 0, 0, 0, 0, 0, 0, 0, 0, 0, 0], \"7\": [0, 0, 0, 0, 0, 0, 0, 0, 0, 0, 0, 0, 0, 0, 0, 0], \"8\": [0, 0, 0, 0, 0, 0, 0, 0, 0, 0, 0, 0, 0, 0, 0, 0], \"9\": [0, 0, 0, 0, 0, 0, 0, 0, 0, 0, 0, 0, 0, 0, 0, 0], \"10\": [0, 0, 0, 0, 0, 0, 0, 0, 0, 0, 0, 0, 0, 0, 0, 0], \"11\": [0, 0, 0, 0, 0, 1, 1, 1, 1, 1, 1, 0, 0, 0, 0, 0], \"12\": [0, 0, 0, 0, 0, 1, 1, 1, 1, 1, 1, 0, 0, 0, 0, 0], \"13\": [0, 0, 0, 0, 0, 1, 1, 1, 1, 1, 1, 0, 0, 0, 0, 0], \"14\": [0, 0, 0, 0, 0, 1, 1, 1, 1, 1, 1, 0, 0, 0, 0, 0], \"15\": [0, 0, 0, 0, 0, 1, 1, 1, 1, 1, 1, 0, 0, 0, 0, 0]}');
INSERT INTO `t_schedule` VALUES (9, 4, 2, 2, 9, '2021-04-12', '国语2D', 38.90, '{\"1\": [0, 0, 0, 0, 0, 0, 0, 0, 0, 0, 0, 0, 0, 0, 0, 0], \"2\": [0, 0, 0, 0, 0, 0, 0, 0, 0, 0, 0, 0, 0, 0, 0, 0], \"3\": [0, 0, 0, 0, 0, 0, 0, 0, 0, 0, 0, 0, 0, 0, 0, 0], \"4\": [0, 0, 0, 0, 0, 0, 0, 0, 0, 0, 0, 0, 0, 0, 0, 0], \"5\": [0, 0, 0, 0, 0, 0, 0, 0, 0, 0, 0, 0, 0, 0, 0, 0], \"6\": [0, 0, 0, 0, 0, 0, 0, 0, 0, 0, 0, 0, 0, 0, 0, 0], \"7\": [0, 0, 0, 0, 0, 0, 0, 0, 0, 0, 0, 0, 0, 0, 0, 0], \"8\": [0, 0, 0, 0, 0, 0, 0, 0, 0, 0, 0, 0, 0, 0, 0, 0], \"9\": [0, 0, 0, 0, 0, 0, 0, 0, 0, 0, 0, 0, 0, 0, 0, 0], \"10\": [0, 0, 0, 0, 0, 0, 0, 0, 0, 0, 0, 0, 0, 0, 0, 0], \"11\": [0, 0, 0, 0, 0, 1, 1, 1, 1, 1, 1, 0, 0, 0, 0, 0], \"12\": [0, 0, 0, 0, 0, 1, 1, 1, 1, 1, 1, 0, 0, 0, 0, 0], \"13\": [0, 0, 0, 0, 0, 1, 1, 1, 1, 1, 1, 0, 0, 0, 0, 0], \"14\": [0, 0, 0, 0, 0, 1, 1, 1, 1, 1, 1, 0, 0, 0, 0, 0], \"15\": [0, 0, 0, 0, 0, 1, 1, 1, 1, 1, 1, 0, 0, 0, 0, 0]}');
INSERT INTO `t_schedule` VALUES (10, 5, 2, 3, 10, '2021-04-12', '国语2D', 54.90, '{\"1\": [0, 0, 0, 0, 0, 0, 0, 0, 0, 0, 0, 0, 0, 0, 0, 0], \"2\": [0, 0, 0, 0, 0, 0, 0, 0, 0, 0, 0, 0, 0, 0, 0, 0], \"3\": [0, 0, 0, 0, 0, 0, 0, 0, 0, 0, 0, 0, 0, 0, 0, 0], \"4\": [0, 0, 0, 0, 0, 0, 0, 0, 0, 0, 0, 0, 0, 0, 0, 0], \"5\": [0, 0, 0, 0, 0, 0, 0, 0, 0, 0, 0, 0, 0, 0, 0, 0], \"6\": [0, 0, 0, 0, 0, 0, 0, 0, 0, 0, 0, 0, 0, 0, 0, 0], \"7\": [0, 0, 0, 0, 0, 0, 0, 0, 0, 0, 0, 0, 0, 0, 0, 0], \"8\": [0, 0, 0, 0, 0, 0, 0, 0, 0, 0, 0, 0, 0, 0, 0, 0], \"9\": [0, 0, 0, 0, 0, 0, 0, 0, 0, 0, 0, 0, 0, 0, 0, 0], \"10\": [0, 0, 0, 0, 0, 0, 0, 0, 0, 0, 0, 0, 0, 0, 0, 0], \"11\": [0, 0, 0, 0, 0, 1, 1, 1, 1, 1, 1, 0, 0, 0, 0, 0], \"12\": [0, 0, 0, 0, 0, 1, 1, 1, 1, 1, 1, 0, 0, 0, 0, 0], \"13\": [0, 0, 0, 0, 0, 1, 1, 1, 1, 1, 1, 0, 0, 0, 0, 0], \"14\": [0, 0, 0, 0, 0, 1, 1, 1, 1, 1, 1, 0, 0, 0, 0, 0], \"15\": [0, 0, 0, 0, 0, 1, 1, 1, 1, 1, 1, 0, 0, 0, 0, 0]}');
INSERT INTO `t_schedule` VALUES (15, 2, 2, 4, 11, '2021-03-29', '国语2D', 123.00, '{\"1\": [0, 0, 0, 0, 0, 0, 0, 0, 0, 0, 0, 0, 0, 0, 0, 0], \"2\": [0, 0, 0, 0, 0, 0, 0, 0, 0, 0, 0, 0, 0, 0, 0, 0], \"3\": [0, 0, 0, 0, 0, 0, 0, 0, 0, 0, 0, 0, 0, 0, 0, 0], \"4\": [0, 0, 0, 0, 0, 0, 0, 0, 0, 0, 0, 0, 0, 0, 0, 0], \"5\": [0, 0, 0, 0, 0, 0, 0, 0, 0, 0, 0, 0, 0, 0, 0, 0], \"6\": [0, 0, 0, 0, 0, 0, 0, 0, 0, 0, 0, 0, 0, 0, 0, 0], \"7\": [0, 0, 0, 0, 0, 0, 0, 0, 0, 0, 0, 0, 0, 0, 0, 0], \"8\": [0, 0, 0, 0, 0, 0, 0, 0, 0, 0, 0, 0, 0, 0, 0, 0], \"9\": [0, 0, 0, 0, 0, 0, 0, 0, 0, 0, 0, 0, 0, 0, 0, 0], \"10\": [0, 0, 0, 0, 0, 0, 0, 0, 0, 0, 0, 0, 0, 0, 0, 0], \"11\": [0, 0, 0, 0, 0, 1, 1, 1, 1, 1, 1, 0, 0, 0, 0, 0], \"12\": [0, 0, 0, 0, 0, 1, 1, 1, 1, 1, 1, 0, 0, 0, 0, 0], \"13\": [0, 0, 0, 0, 0, 1, 1, 1, 1, 1, 1, 0, 0, 0, 0, 0], \"14\": [0, 0, 0, 0, 0, 1, 1, 1, 1, 1, 1, 0, 0, 0, 0, 0], \"15\": [0, 0, 0, 0, 0, 1, 1, 1, 1, 1, 1, 0, 0, 0, 0, 0]}');
INSERT INTO `t_schedule` VALUES (18, 2, 1, 1, 5, '2021-04-27', '国语2D', 132.00, '{\"1\": [0, 0, 0, 0, 0, 0, 0, 0, 0, 0, 0, 0, 0, 0, 0, 0], \"2\": [0, 0, 0, 0, 0, 0, 0, 0, 0, 0, 0, 0, 0, 0, 0, 0], \"3\": [0, 0, 0, 0, 0, 0, 0, 0, 0, 0, 0, 0, 0, 0, 0, 0], \"4\": [0, 0, 0, 0, 0, 0, 0, 0, 0, 0, 0, 0, 0, 0, 0, 0], \"5\": [0, 0, 0, 0, 0, 0, 0, 0, 0, 0, 0, 0, 0, 0, 0, 0], \"6\": [0, 0, 0, 0, 0, 0, 0, 0, 0, 0, 0, 0, 0, 0, 0, 0], \"7\": [0, 0, 0, 0, 0, 0, 0, 0, 0, 0, 0, 0, 0, 0, 0, 0], \"8\": [0, 0, 0, 0, 0, 0, 0, 0, 0, 0, 0, 0, 0, 0, 0, 0], \"9\": [0, 0, 0, 0, 0, 0, 0, 0, 0, 0, 0, 0, 0, 0, 0, 0], \"10\": [0, 0, 0, 0, 0, 0, 0, 0, 0, 0, 0, 0, 0, 0, 0, 0], \"11\": [0, 0, 0, 0, 0, 1, 1, 1, 1, 1, 1, 0, 0, 0, 0, 0], \"12\": [0, 0, 0, 0, 0, 1, 1, 1, 1, 1, 1, 0, 0, 0, 0, 0], \"13\": [0, 0, 0, 0, 0, 1, 1, 1, 1, 1, 1, 0, 0, 0, 0, 0], \"14\": [0, 0, 0, 0, 0, 1, 1, 1, 1, 1, 1, 0, 0, 0, 0, 0], \"15\": [0, 0, 0, 0, 0, 1, 1, 1, 1, 1, 1, 0, 0, 0, 0, 0]}');
INSERT INTO `t_schedule` VALUES (19, 3, 2, 3, 17, '2021-04-20', '国语2D', 13.00, '{\"1\": [0, 0, 0, 0, 0, 0, 0, 0, 0, 0, 0, 0, 0, 0, 0, 0], \"2\": [0, 0, 0, 0, 0, 0, 0, 0, 0, 0, 0, 0, 0, 0, 0, 0], \"3\": [0, 0, 0, 0, 0, 0, 0, 0, 0, 0, 0, 0, 0, 0, 0, 0], \"4\": [0, 0, 0, 0, 0, 0, 0, 0, 0, 0, 0, 0, 0, 0, 0, 0], \"5\": [0, 0, 0, 0, 0, 0, 0, 0, 0, 0, 0, 0, 0, 0, 0, 0], \"6\": [0, 0, 0, 0, 0, 0, 0, 0, 0, 0, 0, 0, 0, 0, 0, 0], \"7\": [0, 0, 0, 0, 0, 0, 0, 0, 0, 0, 0, 0, 0, 0, 0, 0], \"8\": [0, 0, 0, 0, 0, 0, 0, 0, 0, 0, 0, 0, 0, 0, 0, 0], \"9\": [0, 0, 0, 0, 0, 0, 0, 0, 0, 0, 0, 0, 0, 0, 0, 0], \"10\": [0, 0, 0, 0, 0, 0, 0, 0, 0, 0, 0, 0, 0, 0, 0, 0], \"11\": [0, 0, 0, 0, 0, 1, 1, 1, 1, 1, 1, 0, 0, 0, 0, 0], \"12\": [0, 0, 0, 0, 0, 1, 1, 1, 1, 1, 1, 0, 0, 0, 0, 0], \"13\": [0, 0, 0, 0, 0, 1, 1, 1, 1, 1, 1, 0, 0, 0, 0, 0], \"14\": [0, 0, 0, 0, 0, 1, 1, 1, 1, 1, 1, 0, 0, 0, 0, 0], \"15\": [0, 0, 0, 0, 0, 1, 1, 1, 1, 1, 1, 0, 0, 0, 0, 0]}');
INSERT INTO `t_schedule` VALUES (22, 9, 1, 1, 13, '2021-04-20', '国语2D', 60.00, '{\"1\": [0, 0, 0, 0, 0, 0, 0, 0, 0, 0, 0, 0, 0, 0, 0, 0], \"2\": [0, 0, 0, 0, 0, 0, 0, 0, 0, 0, 0, 0, 0, 0, 0, 0], \"3\": [0, 0, 0, 0, 0, 0, 0, 0, 0, 0, 0, 0, 0, 0, 0, 0], \"4\": [0, 0, 0, 0, 0, 0, 0, 0, 0, 0, 0, 0, 0, 0, 0, 0], \"5\": [0, 0, 0, 0, 0, 0, 0, 0, 0, 0, 0, 0, 0, 0, 0, 0], \"6\": [0, 0, 0, 0, 0, 0, 0, 0, 0, 0, 0, 0, 0, 0, 0, 0], \"7\": [0, 0, 0, 0, 0, 0, 0, 0, 0, 0, 0, 0, 0, 0, 0, 0], \"8\": [0, 0, 0, 0, 0, 0, 0, 0, 0, 0, 0, 0, 0, 0, 0, 0], \"9\": [0, 0, 0, 0, 0, 0, 0, 0, 0, 0, 0, 0, 0, 0, 0, 0], \"10\": [0, 0, 0, 0, 0, 0, 0, 0, 0, 0, 0, 0, 0, 0, 0, 0], \"11\": [0, 0, 0, 0, 0, 1, 1, 1, 1, 1, 1, 0, 0, 0, 0, 0], \"12\": [0, 0, 0, 0, 0, 1, 1, 1, 1, 1, 1, 0, 0, 0, 0, 0], \"13\": [0, 0, 0, 0, 0, 1, 1, 1, 1, 1, 1, 0, 0, 0, 0, 0], \"14\": [0, 0, 0, 0, 0, 1, 1, 1, 1, 1, 1, 0, 0, 0, 0, 0], \"15\": [0, 0, 0, 0, 0, 1, 1, 1, 1, 1, 1, 0, 0, 0, 0, 0]}');
INSERT INTO `t_schedule` VALUES (24, 1, 1, 2, 3, '2021-02-13', '国语2D', 51.00, '{\"1\": [0, 0, 0, 0, 0, 0, 0, 0, 0, 0, 0, 0, 0, 0, 0, 0], \"2\": [0, 0, 0, 0, 0, 0, 0, 0, 0, 0, 0, 0, 0, 0, 0, 0], \"3\": [0, 0, 0, 0, 0, 0, 0, 0, 0, 0, 0, 0, 0, 0, 0, 0], \"4\": [0, 0, 0, 0, 0, 0, 0, 0, 0, 0, 0, 0, 0, 0, 0, 0], \"5\": [0, 0, 0, 0, 0, 0, 0, 0, 0, 0, 0, 0, 0, 0, 0, 0], \"6\": [0, 0, 0, 0, 0, 0, 0, 0, 0, 0, 0, 0, 0, 0, 0, 0], \"7\": [0, 0, 0, 0, 0, 0, 0, 0, 0, 0, 0, 0, 0, 0, 0, 0], \"8\": [0, 0, 0, 0, 0, 0, 0, 0, 0, 0, 0, 0, 0, 0, 0, 0], \"9\": [0, 0, 0, 0, 0, 0, 0, 0, 0, 0, 0, 0, 0, 0, 0, 0], \"10\": [0, 0, 0, 0, 0, 0, 0, 0, 0, 0, 0, 0, 0, 0, 0, 0], \"11\": [0, 0, 0, 0, 0, 1, 1, 1, 1, 1, 1, 0, 0, 0, 0, 0], \"12\": [0, 0, 0, 0, 0, 1, 1, 1, 1, 1, 1, 0, 0, 0, 0, 0], \"13\": [0, 0, 0, 0, 0, 1, 1, 1, 1, 1, 1, 0, 0, 0, 0, 0], \"14\": [0, 0, 0, 0, 0, 1, 1, 1, 1, 1, 1, 0, 0, 0, 0, 0], \"15\": [0, 0, 0, 0, 0, 1, 1, 1, 1, 1, 1, 0, 0, 0, 0, 0]}');
INSERT INTO `t_schedule` VALUES (27, 2, 1, 1, 1, '2021-05-18', '123', 123.00, '{\"1\": [0, 0, 0, 0, 0, 0, 0, 0, 0, 0], \"2\": [0, 0, 0, 0, 0, 0, 0, 0, 0, 0], \"3\": [0, 0, 0, 0, 0, 0, 0, 0, 0, 0], \"4\": [0, 0, 0, 0, 0, 0, 0, 0, 0, 0], \"5\": [0, 0, 0, 0, 0, 0, 0, 0, 0, 0], \"6\": [0, 0, 0, 0, 0, 0, 0, 0, 0, 0], \"7\": [0, 0, 0, 0, 0, 0, 0, 0, 0, 0], \"8\": [0, 0, 0, 0, 0, 0, 0, 0, 0, 0], \"9\": [1, 1, 0, 0, 0, 0, 0, 0, 1, 1], \"10\": [1, 1, 0, 0, 0, 0, 0, 0, 1, 1]}');
INSERT INTO `t_schedule` VALUES (29, 21, 1, 15, 6, '2021-05-13', '英语', 123.00, '{\"1\": [0, 0, 0, 0, 0, 1, 0, 3, 3, 3], \"2\": [0, 0, 0, 0, 0, 0, 0, 0, 3, 3], \"3\": [0, 0, 0, 0, 0, 0, 0, 0, 3, 3], \"4\": [0, 0, 0, 0, 0, 1, 0, 0, 3, 3], \"5\": [0, 0, 0, 0, 0, 0, 0, 0, 0, 3], \"6\": [0, 0, 0, 0, 0, 1, 0, 0, 0, 3], \"7\": [0, 0, 0, 0, 0, 1, 0, 0, 0, 0], \"8\": [0, 0, 0, 0, 0, 1, 0, 0, 0, 0], \"9\": [0, 0, 0, 0, 0, 0, 0, 0, 0, 0], \"10\": [0, 0, 0, 0, 0, 0, 0, 0, 0, 0]}');
INSERT INTO `t_schedule` VALUES (30, 22, 2, 4, 1, '2021-05-25', '国语', 55.00, '{\"1\": [0, 0, 0, 0, 0, 0, 0, 0, 0, 0], \"2\": [0, 0, 0, 0, 0, 0, 0, 0, 0, 0], \"3\": [0, 0, 0, 0, 0, 0, 0, 0, 0, 0], \"4\": [0, 0, 0, 0, 0, 0, 0, 0, 0, 0], \"5\": [0, 0, 0, 0, 0, 0, 0, 0, 0, 0], \"6\": [0, 0, 0, 0, 0, 0, 0, 0, 0, 0], \"7\": [0, 0, 0, 0, 0, 0, 0, 0, 0, 0], \"8\": [0, 0, 0, 0, 0, 0, 0, 0, 0, 0], \"9\": [0, 0, 0, 0, 0, 0, 0, 0, 0, 0], \"10\": [0, 0, 0, 0, 0, 0, 0, 0, 0, 0]}');
INSERT INTO `t_schedule` VALUES (31, 17, 3, 8, 3, '2021-05-25', '国语', 123.00, '{\"1\": [0, 0, 0, 0, 0, 0, 0, 0, 0, 0], \"2\": [0, 0, 0, 0, 0, 0, 0, 0, 0, 0], \"3\": [0, 0, 0, 0, 0, 0, 0, 0, 0, 0], \"4\": [0, 0, 0, 0, 0, 0, 0, 0, 0, 0], \"5\": [0, 0, 0, 0, 0, 0, 0, 0, 0, 0], \"6\": [0, 0, 0, 0, 0, 0, 0, 0, 0, 0], \"7\": [0, 0, 0, 0, 0, 0, 0, 0, 0, 0], \"8\": [0, 0, 0, 0, 0, 0, 0, 0, 0, 0], \"9\": [0, 0, 0, 0, 0, 0, 0, 0, 0, 0], \"10\": [0, 0, 0, 0, 0, 0, 0, 0, 0, 0]}');
INSERT INTO `t_schedule` VALUES (33, 7, 1, 1, 2, '2021-05-25', '国语', 59.50, '{\"1\": [1, 1, 1, 0, 0, 0, 0, 0, 0, 0], \"2\": [0, 0, 0, 0, 0, 0, 0, 0, 0, 0], \"3\": [0, 0, 0, 0, 0, 0, 0, 0, 0, 0], \"4\": [0, 0, 0, 0, 0, 0, 0, 0, 0, 0], \"5\": [0, 0, 0, 0, 0, 1, 0, 0, 0, 0], \"6\": [0, 0, 0, 0, 0, 0, 0, 0, 0, 0], \"7\": [0, 0, 0, 0, 0, 0, 0, 0, 0, 0], \"8\": [0, 0, 0, 0, 0, 0, 0, 0, 0, 0], \"9\": [0, 0, 0, 0, 0, 0, 0, 1, 0, 0], \"10\": [0, 0, 0, 0, 0, 0, 0, 0, 0, 0]}');
INSERT INTO `t_schedule` VALUES (34, 24, 15, 28, 1, '2021-06-01', '日语', 44.90, '{\"1\": [0, 0, 0, 1, 0, 0, 0, 0], \"2\": [0, 0, 1, 0, 1, 0, 0, 0], \"3\": [0, 1, 0, 0, 0, 1, 0, 0], \"4\": [1, 0, 0, 1, 0, 0, 1, 0], \"5\": [0, 1, 0, 0, 0, 0, 0, 1], \"6\": [0, 0, 1, 0, 0, 0, 1, 0], \"7\": [0, 0, 0, 1, 0, 1, 0, 0], \"8\": [0, 0, 0, 0, 1, 0, 0, 0]}');

-- ----------------------------
-- Table structure for t_user
-- ----------------------------
DROP TABLE IF EXISTS `t_user`;
CREATE TABLE `t_user`  (
  `user_id` int(4) NOT NULL AUTO_INCREMENT COMMENT '用户id',
  `user_name` varchar(20) CHARACTER SET utf8 COLLATE utf8_general_ci NOT NULL COMMENT '用户名',
  `password` varchar(40) CHARACTER SET utf8 COLLATE utf8_general_ci NOT NULL COMMENT '用户密码',
  `sex` int(1) NULL DEFAULT NULL COMMENT '用户性别(0/1:男/女)',
  `birthday` date NULL DEFAULT NULL COMMENT '用户出生年月日',
  `photo` varchar(50) CHARACTER SET utf8 COLLATE utf8_general_ci NOT NULL COMMENT '用户头像',
  `phone` varchar(12) CHARACTER SET utf8 COLLATE utf8_general_ci NOT NULL COMMENT '用户电话',
  `email` varchar(20) CHARACTER SET utf8 COLLATE utf8_general_ci NOT NULL COMMENT '用户邮件',
  `state` int(1) NULL DEFAULT 0 COMMENT '用户状态(0:正常 ，1:冻结)',
  PRIMARY KEY (`user_id`) USING BTREE
) ENGINE = InnoDB AUTO_INCREMENT = 32 CHARACTER SET = utf8 COLLATE = utf8_general_ci ROW_FORMAT = Dynamic;

-- ----------------------------
-- Records of t_user
-- ----------------------------
INSERT INTO `t_user` VALUES (1, 'user1', '83c8967da0a51e01507839211ceeedbf', 1, '2000-02-17', '/images/user/1.jpg', '11111111111', 'admin@qq.com', 0);
INSERT INTO `t_user` VALUES (2, 'user', '83c8967da0a51e01507839211ceeedbf', 1, '2000-02-17', '/images/user/tx1.jpg', '19822964632', '12345@qq.com', 0);
INSERT INTO `t_user` VALUES (3, 'user2', '83c8967da0a51e01507839211ceeedbf', 0, '2000-02-17', '/images/user/tx2.jpg', '19822964632', '12345@qq.com', 0);
INSERT INTO `t_user` VALUES (4, 'user3', '83c8967da0a51e01507839211ceeedbf', 0, '2001-02-17', '/images/user/1.jpg', '19822964632', '12345@qq.com', 0);
INSERT INTO `t_user` VALUES (5, 'user4', '83c8967da0a51e01507839211ceeedbf', 1, '2001-02-17', '/images/user/1.jpg', '19822964632', '12345@qq.com', 0);
INSERT INTO `t_user` VALUES (6, 'user5', '83c8967da0a51e01507839211ceeedbf', 0, '1998-02-17', '/images/user/1.jpg', '19822964632', '12345@qq.com', 0);
INSERT INTO `t_user` VALUES (11, '1234', '83c8967da0a51e01507839211ceeedbf', 1, '2021-04-19', '/images/user/1.jpg', '19822964632', 'test@qq.com', 0);
INSERT INTO `t_user` VALUES (30, 'lvbo', '83c8967da0a51e01507839211ceeedbf', 0, NULL, '/images/user/1.jpg', '19822964632', 'test@qq.com', 0);
INSERT INTO `t_user` VALUES (31, 'abcsd', '83c8967da0a51e01507839211ceeedbf', 0, NULL, '/images/user/1.jpg', '19822964632', 'test@qq.com', 0);

SET FOREIGN_KEY_CHECKS = 1;
